<?xml version="1.0" encoding="UTF-8"?>
<!DOCTYPE hibernate-mapping PUBLIC
        "-//Hibernate/Hibernate Mapping DTD 3.0//EN"
        "http://hibernate.sourceforge.net/hibernate-mapping-3.0.dtd">
<hibernate-mapping>
	<class name="entity_pkg.RoomInfo" table="roomsinfo">
		<id name="roomid" column="roomid" type="string" >
	
         <generator class="assigned"/>
      </id>
		<property name="roomtype" column="roomtype" type="string"></property>
		<property name="drykitchenette" column="drykitchenette" type="string"></property>
		<property name="sofacumbed" column="sofacumbed" type="string"></property>
		<property name="doublebed" column="doublebeds" type="string"></property>
		<property name="telephone" column="telephone" type="string"></property>
		<property name="telivision" column="television" type="string"></property>
		<property name="roomcharges" column="roomcharges" type="double"></property>
		 <set name="setroomid" table="bookinginfo" >
            <key>
                <column name="roomid" not-null="true" />
            </key>
            <one-to-many class="entity_pkg.BookingInfo" />
        </set>
	</class>
	<class name="entity_pkg.BookingInfo" table="bookinginfo">
		<id name="bookingid" column="bookingid" type="int" >
	
         <generator class="native"/>
      </id>
		<!-- <property name="roomid" column="roomid" type="string"></property> -->
		 <many-to-one name="userid" class="entity_pkg.UserProfile" >
            <column name="userid" not-null="true" />
        </many-to-one>
		 <many-to-one name="roomid" class="entity_pkg.RoomInfo">
            <column name="roomid" />
        </many-to-one>
		<property name="startingfrom" column="startingfrom" type="java.util.Date"></property>
		<property name="till" column="till" type="java.util.Date"></property>
		<property name="status" column="bookingstatus" type="string"></property>
		<property name="roomcharges" column="amountpaid" type="double"></property>
		
	</class>
	<class name="entity_pkg.UserProfile" table="userprofile">
		<id name="userid" column="userid" type="int" >
	
         <generator class="native"/>
      </id>
		<property name="firstname" column="firstname" type="string"/>
      <property name="lastname" column="lastname" type="string"/>
      <property name="address1" column="address1" type="string"/>
            <property name="address2" column="address2" type="string"/>
      <property name="country" column="country" type="string"/>
      <property name="emailid" column="emailid" type="string"/>
          <property name="state" column="state" type="string"/>
      <property name="city" column="city" type="string"/>
      <property name="pincode" column="pincode" type="int"/>
           <property name="contactnumber" column="contactnumber" type="int"/>
           <set name="setuserid" table="bookinginfo" >
            <key>
                <column name="userid" not-null="true" />
            </key>
            <one-to-many class="entity_pkg.BookingInfo" />
        </set>
	</class>
	  
</hibernate-mapping>


