<?xml version="1.0" encoding="UTF-8"?>
<!DOCTYPE hibernate-mapping PUBLIC
        "-//Hibernate/Hibernate Mapping DTD 3.0//EN"
        "http://hibernate.sourceforge.net/hibernate-mapping-3.0.dtd">
<hibernate-mapping>
<!--  <class name="entity_pkg.BookingInfo" table="bookinginfo">
           <id name="bookingid" type="int" column="bookingid">
         <generator class="native"/>
      </id>
     <set name="setbooking" cascade="all">
         <key column="userid"/>   foreign key in the child
         <one-to-many class="entity_pkg.UserProfile"/>  child class
      </set>
     
      <property name="roomid" column="roomid" type="int"/>
      <property name="startingfrom" column="startingfrom" type="int"/>
         <property name="till" column="till" type="int"/>
            <property name="bookingstatus" column="bookingstatus" type="int"/>
               <property name="amountdeposited" column="amountdeposited" type="int"/>
   </class> -->
	<class name="entity_pkg.UserProfile" table="userprofile">
		<id name="userid" column="userid" type="string" >
	
         <generator class="native"/>
      </id>
		<property name="firstname" column="firstname" type="string"/>
      <property name="lastname" column="lastname" type="string"/>
      <property name="address1" column="address1" type="string"/>
            <property name="address2" column="address2" type="string"/>
      <property name="country" column="country" type="string"/>
      <property name="emailid" column="emailid" type="string"/>
          <property name="state" column="state" type="string"/>
      <property name="city" column="city" type="string"/>
      <property name="pincode" column="pincode" type="int"/>
           <property name="contactnumber" column="contactnumber" type="int"/>
	</class>
	  
</hibernate-mapping>


